1	hg19_tss_centered_10kb_7sp_mc_v6	1	homer-M00085	16871487	HIF2a(HLH)/O785-HIF2a-ChIP-Seq(GSE34871)/Homer	0.102492	5.47425	7	CITED2;STC2;ZNF292;STC1;LOX;MAFF;ADM;PDGFB;BHLHE40;KDM4B;KLF7;PTPRO;DTNA;GPR87;FAM13A;ITPR1;PDK1;NFIL3;EGLN1;ALDOC;CCNG2;AK4;P4HA1;HK2;GBE1;PLAC8;ATXN1;P4HA2;TMEM45A;BCOR;EFNA3;ZNF395;PFKP;MXI1;KLF6;NR3C1;MET;PGK1;DAAM1;SCARB1	1;3;4;5;8;19;31;62;78;90;115;126;169;186;323;325;327;335;378;420;428;445;484;519;524;549;552;610;623;645;661;683;785;824;829;882;944;965;983;1021	EPAS1;HIF1A	-1;0.000810859	-1;-1	null;transfac_pro-M00797	null;V$HIF1_Q3	null;null	null;null
1	hg19_tss_centered_10kb_7sp_mc_v6	2	transfac_pro-M00466	16871488	V$HIF1_Q5	0.0956564	4.93987	7	PDGFB;DTNA;ZNF292;VEGFA;NFIL3;CITED2;NR3C1;MAFF;P4HA2;KLF7;ATXN1;YPEL1;BBX;SPRY1;MET;LOXL2;KDM4B;STC2;ADM;TNFAIP8;BHLHE40;PDK1;AK4;RNASE4;ANG;EGLN1;BNIP3;C5orf13;CA9;ITPR1;IGFBP5;GPR87;BNIP3L;ZNF395;HK2;SCARB1;BCOR;SLCO4A1;AHNAK2;FOS;CSRP2;PTPRO;CADM1;PFKP;FYN;P4HA1;C7orf68;GBE1;DDR1;TRA2A;FAM13A;SCNN1B;CXCR4;KLF6;KIAA1199;GJA1;INSIG2;CSGALNACT1;STC1;PRKCA;SERPINE1;SLC2A1;LIMCH1;DDIT4;CCNG2;PFKFB3;EFNA3;WSB1;MXI1;DAAM1;ENO2;PLAC8	7;18;20;26;70;86;116;127;133;173;187;206;210;225;284;304;322;375;381;391;431;459;474;514;519;523;566;675;707;714;731;810;856;945;1006;1096;1123;1263;1328;1381;1545;1566;1606;1624;1687;1850;1873;1882;1905;1916;2066;2282;2287;2373;2399;2408;2409;2659;2661;2829;2851;2893;2993;3031;3081;3121;3149;3160;3285;3291;3294;3333	HIF1A;ARNT	-1;0.00067317	-1;-1	null;transfac_pro-M02378	null;V$HIF1AARNT_01	null;null	null;null
1	hg19_tss_centered_10kb_7sp_mc_v6	3	swissregulon-FOXO1-3-4.p2	16871489	FOXO1, FOXO4, FOXO3	0.0910585	4.58043	3	CADM1;MXI1;ATG14;EGLN1;PGM1;DDIT4;ATXN1;CITED2;NDRG1;BBX;NR3C1;ADM;DTNA;INSIG2;PDK1;MAFF;SERPINE1;ATF3;FYN;ADORA2B;SORL1;KLHL24;CCNG2;SPRY1;SFXN3;PLAC8;ZMYND8;ITPR1;KLF6;CYR61;ZNF395;KLF7;SAMD4A;PTRF;KDM3A;CD59;BCOR;C5orf13;TGFBI;BNIP3L;SCNN1B;EFNA3;CSRP2;TIPARP;PGK1;PDGFB;TXNIP;GPR87;WSB1;LOX;LIMCH1;TNFAIP8;GJA1;IGFBP5;DDR1;TMEM45A;CYP1B1;EGLN3;SH3GL3;SLC2A1;PHLDA1;DAAM1;PIM1;PAM;SPOCK1;SOX9;GBE1;DPYSL2	6;20;26;44;61;63;78;80;82;84;144;189;207;273;279;310;327;346;415;443;475;497;544;688;728;736;737;853;984;1006;1025;1084;1101;1232;1295;1372;1391;1474;1489;1592;1638;1744;1751;1873;2022;2101;2212;2216;2296;2348;2356;2396;2510;2580;2585;2614;2677;2714;2774;2866;2925;2997;3034;3044;3094;3098;3118;3176	FOXO1;FOXO4;FOXO3;FOXF2;FOXC2;HLTF;FOXA1;FOXF1;FOXJ1;FOXP1;FOXA2;FOXA3;PGR;NR3C1;FOXO6;FOXJ2;FOXD1;FOXI1;FOXD2;FOXJ3;FOXK1	-1;-1;-1;0.00000387642;0.0000187519;0.000109389;0.000109389;0.000139623;0.000139623;0.000245801;0.000369509;0.000493803;0.000493803;0.000493803;0.000580532;0.000709313;0.000815326;0.000851948;0.000911432;0.000991655;0.0000000380486	-1;-1;-1;-1;-1;-1;-1;-1;-1;-1;-1;-1;-1;-1;-1;-1;-1;-1;-1;-1;0.88	null;null;null;transfac_public-M00290;taipale-WAWRTAAAYAWW-FOXC2-DBD;tfdimers-MD00358;tfdimers-MD00358;swissregulon-FOX_F1-F2-J1_.p2;swissregulon-FOX_F1-F2-J1_.p2;homer-M00063;factorbook-FOXA;tfdimers-MD00006;tfdimers-MD00006;tfdimers-MD00006;taipale-GTAAACA-FOXO6-DBD;taipale-RTAAACAA-FOXJ2-DBD;transfac_public-M00292;taipale-GTAAACA-FOXI1-full;swissregulon-FOX_D1-D2_.p2;taipale-RTAAACAA-FOXJ3-DBD;transfac_pro-M02752	null;null;null;V$FREAC2_01;WAWRTAAAYAWW-FOXC2-DBD;HLTF,FOXA1;HLTF,FOXA1;FOXF2,FOXJ1,FOXF1;FOXF2,FOXJ1,FOXF1;FOXP1(Forkhead)/H9-FOXP1-ChIP-Seq(GSE31006)/Homer;FOXA;PGR,FOXA3,NR3C1,NR3C3;PGR,FOXA3,NR3C1,NR3C3;PGR,FOXA3,NR3C1,NR3C3;GTAAACA-FOXO6-DBD;RTAAACAA-FOXJ2-DBD;V$FREAC4_01;GTAAACA-FOXI1-full;FOXD2,FOXD1;RTAAACAA-FOXJ3-DBD;V$FOXK1_03	null;null;null;null;null;null;null;null;null;null;null;null;null;null;null;null;null;null;null;null;ENSMUSG00000056493	null;null;null;null;null;null;null;null;null;null;null;null;null;null;null;null;null;null;null;null;M. musculus
1	hg19_tss_centered_10kb_7sp_mc_v6	4	jaspar-POL007.1	16871490	BREd	0.0893364	4.44581	1	MXI1;ZMYND8;DDIT4;BCOR;IGFBP5;TNFAIP8;CITED2;ITPR1;KLF6;SCNN1B;SERPINE1;NFIL3;TXNIP;SOX9;BBX;SCARB1;ATXN1;CXCR4;MET;ATF3;YPEL1;FYN;CSRP2;DTNA;PTRF;EGLN1;FOS;KIAA1199;GJA1;KLF7;TGFBI;OLFML2A;CD59	5;16;34;56;68;108;120;163;169;173;200;202;212;229;271;288;311;350;366;367;407;561;581;609;664;693;733;740;787;927;937;977;987	ZNF384;ZNF362	0.0000722269;0.0000722269	0.15;0.11	flyfactorsurvey-rn_SOLEXA_5_FBgn0259172;flyfactorsurvey-rn_SOLEXA_5_FBgn0259172	FBgn0259172(rn);FBgn0259172(rn)	FBgn0259172;FBgn0259172	D. melanogaster;D. melanogaster
1	hg19_tss_centered_10kb_7sp_mc_v6	5	yetfasco-1774	16871491	YNL068C	0.088305	4.36518	3	CADM1;MXI1;NR3C1;EFNA3;CITED2;CCNG2;ECE1;ZNF395;DAAM1;DDIT4;KLHL24;PDK1;NDRG1;TXNIP;VEGFC;GADD45B;PTRF;ATXN1;SORL1;FOS;SFXN3;KDM4B;ATG14;TMEM45A;BNIP3	1;15;27;43;85;128;129;160;162;171;213;214;226;275;281;283;285;333;337;471;526;561;569;574;579	FOXP1;FOXO1;FOXO4;FOXO3;FOXA2;FOXA1;FOXF2;FOXJ2;FOXC2;FOXO6;HLTF;FOXI1;FOXD2;FOXD1;FOXF1;FOXJ1;FOXL1;FOXD3;FOXB1;FOXA3;FOXK1	0.00000955352;0.000016448;0.000016448;0.0000211621;0.0000214913;0.0000214913;0.0000230223;0.0000378621;0.0000796729;0.000100524;0.000109389;0.000125712;0.00013079;0.00013079;0.000398951;0.000398951;0.000565285;0.000565285;0.000655552;0.000661862;0.0000985086	-1;-1;-1;-1;-1;-1;-1;-1;-1;-1;-1;-1;-1;-1;-1;-1;-1;-1;-1;-1;0.9	homer-M00063;taipale-GTAAACAA-FOXO1-DBD;taipale-GTAAACA-FOXO4-DBD;swissregulon-FOXO1-3-4.p2;factorbook-FOXA;factorbook-FOXA;transfac_public-M00290;taipale-RTAAACAA-FOXJ2-DBD;taipale-WAWRTAAAYAWW-FOXC2-DBD;taipale-GTAAACA-FOXO6-DBD;tfdimers-MD00358;taipale-GTAAACA-FOXI1-full;swissregulon-FOX_D1-D2_.p2;swissregulon-FOX_D1-D2_.p2;swissregulon-FOX_F1-F2-J1_.p2;swissregulon-FOX_F1-F2-J1_.p2;taipale-RTAAAYA-FOXL1-full;taipale-RTAAAYA-FOXD3-DBD;taipale-WGTAAAYAN-FOXB1-full;transfac_pro-M01012;transfac_pro-M02752	FOXP1(Forkhead)/H9-FOXP1-ChIP-Seq(GSE31006)/Homer;GTAAACAA-FOXO1-DBD;GTAAACA-FOXO4-DBD;FOXO1,FOXO4,FOXO3;FOXA;FOXA;V$FREAC2_01;RTAAACAA-FOXJ2-DBD;WAWRTAAAYAWW-FOXC2-DBD;GTAAACA-FOXO6-DBD;HLTF,FOXA1;GTAAACA-FOXI1-full;FOXD2,FOXD1;FOXD2,FOXD1;FOXF2,FOXJ1,FOXF1;FOXF2,FOXJ1,FOXF1;RTAAAYA-FOXL1-full;RTAAAYA-FOXD3-DBD;WGTAAAYAN-FOXB1-full;V$HNF3_Q6_01;V$FOXK1_03	null;null;null;null;null;null;null;null;null;null;null;null;null;null;null;null;null;null;null;null;ENSMUSG00000056493	null;null;null;null;null;null;null;null;null;null;null;null;null;null;null;null;null;null;null;null;M. musculus
1	hg19_tss_centered_10kb_7sp_mc_v6	6	flyfactorsurvey-tgo_trh_SANGER_5_FBgn0015014	16871492	FBgn0015014	0.0878592	4.33033	7	ZNF292;EFNA3;MAFF;SAMD4A;ALDOC;CITED2;BCOR;MXI1;P4HA1;CADM1;STC2;YPEL1;SORL1;ZNF395;CCNG2;INSIG2;AKAP12;PFKP;MET;KLF7;FAM13A;DTNA;NDRG1;VLDLR;FYN;WSB1;LOXL2;SCARB1;GJA1;DPYSL4;PTPRO;ADM;CXCR4;DAAM1;TNFAIP8;NFIL3;CSGALNACT1	1;7;14;16;26;34;59;112;121;172;180;193;230;250;265;308;360;430;441;489;528;532;628;645;658;715;826;933;952;977;1016;1067;1108;1125;1177;1214;1233							
1	hg19_tss_centered_10kb_7sp_mc_v6	7	hdpi-ACO1	16871493	ACO1	0.086513	4.22509	5	MXI1;EGLN1;BCOR;CCNG2;SOX9;NR3C1;PFKP;BBX;CYR61;PDGFB;KLF7;RBPJ;FYN;INSIG2;PDK1;NFIL3;GADD45B;PIM1;CD59;YPEL1;FOS;ZMYND8;ATXN1;AKAP12;KDM4B;ATF3;CXCR4;KLHL24;CITED2;SRCAP;ZNF654;SPRY1;SERPINE1;SLCO4A1;DPYSL2;CSGALNACT1;ZNF292	2;8;23;24;81;82;113;145;175;183;243;283;290;294;295;312;346;348;368;369;444;564;594;614;653;711;724;739;757;805;836;927;966;1018;1068;1084;1112	ACO1	-1	-1	null	null	null	null
1	hg19_tss_centered_10kb_7sp_mc_v6	8	transfac_public-M00476	16871494	V$FOXO4_02	0.0859273	4.17931	3	CADM1;MXI1;PGM1;ATG14;NR3C1;ATXN1;NDRG1;FYN;BBX;KLHL24;DDIT4;INSIG2;TIPARP;CITED2;MAFF;ADM;TXNIP;PDK1;ZMYND8;DTNA;ATF3	4;14;29;32;48;77;80;93;133;223;227;229;233;272;298;349;370;380;423;439;477	FOXO4;FOXO1;FOXO3;FOXF2;FOXF1;FOXJ1;FOXO6;FOXK1	-1;0.000000132844;0.000000132844;0.0000135702;0.000583477;0.000583477;0.000770082;0.00011232	-1;-1;-1;-1;-1;-1;-1;0.88	null;swissregulon-FOXO1-3-4.p2;swissregulon-FOXO1-3-4.p2;transfac_public-M00290;swissregulon-FOX_F1-F2-J1_.p2;swissregulon-FOX_F1-F2-J1_.p2;taipale-GTAAACA-FOXO6-DBD;transfac_pro-M02752	null;FOXO1,FOXO4,FOXO3;FOXO1,FOXO4,FOXO3;V$FREAC2_01;FOXF2,FOXJ1,FOXF1;FOXF2,FOXJ1,FOXF1;GTAAACA-FOXO6-DBD;V$FOXK1_03	null;null;null;null;null;null;null;ENSMUSG00000056493	null;null;null;null;null;null;null;M. musculus
1	hg19_tss_centered_10kb_7sp_mc_v6	9	transfac_pro-M00976	16871495	V$AHRHIF_Q6	0.0856214	4.15539	9	PDGFB;EFNA3;ZNF292;STC2;DTNA;MAFF;LOXL2;MXI1;CITED2;ATXN1;BCOR;SCARB1;CYP1B1;C5orf13;MET;YPEL1;NFIL3;BHLHE40;SPRY1;GJA1;INSIG2;RNASE4;ANG;TIPARP;VEGFA;KDM4B;NR3C1;IGFBP5;SLCO4A1;PFKP;CXCR4;CSGALNACT1;PDK1;P4HA2;GBE1;PFKFB3;ATF3;TRA2A	4;8;9;45;56;73;80;98;101;105;148;252;253;258;314;338;423;437;480;506;511;588;593;605;768;769;810;875;876;928;972;1003;1017;1048;1074;1130;1154;1158	AHRR;ARNT2;HIF1A;ARNT;AHR	-1;-1;-1;-1;-1	-1;-1;-1;-1;-1	null;null;null;null;null	null;null;null;null;null	null;null;null;null;null	null;null;null;null;null
1	hg19_tss_centered_10kb_7sp_mc_v6	10	transfac_public-M00472	16871496	V$FOXO4_01	0.0832962	3.97362	4	CADM1;NR3C1;EGLN1;MXI1;SAMD4A;DDIT4;BCOR;NDRG1;KDM3A;CCNG2;TXNIP;DUSP1;FYN;KLF6;ZMYND8;PHLDA1;KRT7;CITED2;ADM;TGFBI;SOX9;CXCR4;DTNA;OLFML2A;LIMCH1;ATF3;ECE1;PDK1;ITPR1;PDGFB;AKAP12;HEY1;CSRP2;SLCO4A1;ATXN1;MAFF;BBX;PLAC8;CYR61;P4HA1;ATG14;PGK1;INSIG2;ZNF395;VLDLR;SORL1;AK4;GJA1;SCARB1;YPEL1;TNFAIP8;PFKFB3;EFNA3;CSGALNACT1	26;31;47;66;70;71;113;124;159;211;219;238;244;277;282;285;329;353;369;500;592;605;689;789;829;883;959;1018;1051;1069;1212;1265;1324;1355;1385;1433;1442;1478;1525;1581;1716;1841;1938;1941;1992;2050;2060;2103;2227;2249;2283;2315;2339;2350	FOXO4;FOXO1;FOXJ2;FOXF2;FOXO3;FOXG1;FOXM1	-1;0.0000569817;0.000538793;0.000820576;0.000820576;0.000943402;0.000000284354	-1;-1;-1;-1;-1;-1;0.09	null;transfac_public-M00473;taipale-RTAAACAA-FOXJ2-DBD;transfac_public-M00290;transfac_pro-M01137;transfac_pro-M01216;jaspar-MA0317.1	null;V$FOXO1_01;RTAAACAA-FOXJ2-DBD;V$FREAC2_01;V$FOXO3A_Q1;V$FOXO1_Q5;HCM1	null;null;null;null;null;null;YCR065W	null;null;null;null;null;null;S. cerevisiae
1	hg19_tss_centered_10kb_7sp_mc_v6	11	transfac_pro-M00778	16871497	V$AHR_Q5	0.0832787	3.97225	9	CYP1B1;ATXN1;STC2;MXI1;C5orf13;PDGFB;BCOR;NR3C1;EFNA3;IGFBP5;CADM1;HEY1;NFIL3;VLDLR;ITPR1;TIPARP;DTNA;YPEL1	6;14;35;39;49;86;109;131;139;152;209;226;233;265;324;340;354;361	AHR;ARNT2;AHRR;HIF1A;ARNT	-1;0.000176062;0.000176062;0.000176062;0.000176062	-1;-1;-1;-1;-1	null;transfac_pro-M00976;transfac_pro-M00976;transfac_pro-M00976;transfac_pro-M00976	null;V$AHRHIF_Q6;V$AHRHIF_Q6;V$AHRHIF_Q6;V$AHRHIF_Q6	null;null;null;null;null	null;null;null;null;null
1	hg19_tss_centered_10kb_7sp_mc_v6	12	yetfasco-1491	16871498	YOL028C	0.082186	3.88684	1	NFIL3;ZNF292;VEGFA;CADM1;MXI1;AK4;SAMD4A;ATXN1;FYN;MET;TGFBI;KLF6;ATF3;JUN;BCOR;NDRG1;ZNF395;BBX;CXCR4;PIM1;PGM1;NR3C1;SOX9;FOS;CCNG2;PGK1;P4HA2	11;38;67;79;80;92;132;133;189;195;254;258;274;296;365;370;412;419;421;493;508;529;595;599;602;628;649	HLF;DBP;TEF	0.000163273;0.000288093;0.000349985	-1;-1;-1	taipale-NRTTACGTAAYN-HLF-full;taipale-NRTTACGTAAYN-DBP-DBD;taipale-NRTTACRTAAYN-TEF-DBD	NRTTACGTAAYN-HLF-full;NRTTACGTAAYN-DBP-DBD;NRTTACRTAAYN-TEF-DBD	null;null;null	null;null;null
1	hg19_tss_centered_10kb_7sp_mc_v6	13	jaspar-PB0017.1	16871499	Foxj3_1	0.0812507	3.81372	3	CADM1;MXI1;SORL1;NDRG1;EFNA3;DDIT4;ZNF395;CITED2;DTNA;DAAM1;ATXN1;KLHL24;NR3C1;PTRF;TIPARP;CSRP2;ECE1;FYN;PGM1;BCOR;ITPR1;C5orf13;KLF6;SAMD4A;TMEM45A;FOS;ATF3;MAFF;SOX9;PDGFB;DDR1;VEGFC;AK4;SFXN3;RRAGD;YPEL1;DPYSL2;SERPINE1;BNIP3L;TMEFF1;PDK1;NFIL3;TGFBI;SCNN1B;ADM;LIMCH1;GPR87;DUSP1;EGLN1;GDF15;SLC2A1;LOX;MET;AKAP12;RNASE4;ANG;ADORA2B;P4HA1;GBE1;KDM4B;CSGALNACT1;GJA1;GADD45B;HK2;INSIG2;BBX;ATG14;CCNG2;SPRY1;ZNF654;PIM1;SCARB1;KLF7;TXNIP;PLAC8;AHNAK2;PTPRO;WISP2	7;8;60;98;99;102;117;135;162;171;204;218;226;233;242;300;330;430;481;562;590;757;827;939;1017;1028;1035;1119;1151;1195;1213;1240;1267;1284;1339;1425;1458;1577;1639;1716;1718;1781;1809;1880;1912;2005;2055;2108;2143;2264;2352;2392;2420;2543;2672;2685;2692;2700;2809;2856;2890;2939;3059;3080;3155;3349;3402;3424;3587;3592;3700;3748;3778;3910;3915;3947;3949;3991	FOXJ3;FOXF2;FOXJ1;FOXF1;FOXO1;FOXO3;FOXO4;FOXA2;FOXA1;FOXA3;FOXC2;FOXJ2;NR3C1;PGR;HLTF;FOXC1;PDX1;SMAD1;FOXD2;FOXP1;FOXL1;FOXD1;SF1;FOXP3;FOXK1	-1;0.000000021607;0.0000000235383;0.0000000235383;0.0000000527553;0.0000000527553;0.0000000527553;0.00000220138;0.00000220138;0.00000220138;0.0000037348;0.0000313942;0.0000441524;0.0000441524;0.0000527448;0.0000543055;0.0000543055;0.0000543055;0.0000944824;0.000183095;0.000185799;0.000321935;0.000342321;0.000484911;0.0000000000763239	0.95;-1;-1;-1;-1;-1;-1;-1;-1;-1;-1;-1;-1;-1;-1;-1;-1;-1;-1;-1;-1;-1;-1;-1;0.9	null;transfac_public-M00290;swissregulon-FOX_F1-F2-J1_.p2;swissregulon-FOX_F1-F2-J1_.p2;swissregulon-FOXO1-3-4.p2;swissregulon-FOXO1-3-4.p2;swissregulon-FOXO1-3-4.p2;transfac_pro-M01012;transfac_pro-M01012;transfac_pro-M01012;taipale-WAWRTAAAYAWW-FOXC2-DBD;transfac_public-M00422;tfdimers-MD00006;tfdimers-MD00006;tfdimers-MD00027;transfac_public-M00291;tfdimers-MD00285;tfdimers-MD00285;taipale-RTAAAYA-FOXD2-DBD;homer-M00063;taipale-RTAAAYA-FOXL1-full;transfac_public-M00292;tfdimers-MD00114;taipale-RTAAACA-FOXP3-DBD;transfac_pro-M02752	null;V$FREAC2_01;FOXF2,FOXJ1,FOXF1;FOXF2,FOXJ1,FOXF1;FOXO1,FOXO4,FOXO3;FOXO1,FOXO4,FOXO3;FOXO1,FOXO4,FOXO3;V$HNF3_Q6_01;V$HNF3_Q6_01;V$HNF3_Q6_01;WAWRTAAAYAWW-FOXC2-DBD;V$FOXJ2_01;PGR,FOXA3,NR3C1,NR3C3;PGR,FOXA3,NR3C1,NR3C3;HLTF,FOXO1;V$FREAC3_01;SMAD1,PDX1;SMAD1,PDX1;RTAAAYA-FOXD2-DBD;FOXP1(Forkhead)/H9-FOXP1-ChIP-Seq(GSE31006)/Homer;RTAAAYA-FOXL1-full;V$FREAC4_01;SF1,FOXO1;RTAAACA-FOXP3-DBD;V$FOXK1_03	ENSMUSG00000032998;null;null;null;null;null;null;null;null;null;null;null;null;null;null;null;null;null;null;null;null;null;null;null;ENSMUSG00000056493	M. musculus;null;null;null;null;null;null;null;null;null;null;null;null;null;null;null;null;null;null;null;null;null;null;null;M. musculus
1	hg19_tss_centered_10kb_7sp_mc_v6	14	elemento-ACGTGCG	16871500	ACGTGCG	0.0811546	3.8062	8	KDM3A;PDGFB;ZNF292;LOXL2;ENO2;CITED2;DTNA;BCOR;EFNA3;PDK1;DDIT4;VEGFA;BNIP3L;MXI1;STC2;NFIL3;PFKFB3;ATF3;ATXN1;VLDLR;HK2;EGFR;YPEL1;SRCAP;PGM1;AK4;SLCO4A1	7;14;15;27;45;98;106;126;136;144;154;185;217;260;283;396;406;425;554;577;630;656;665;696;715;716;718							
1	hg19_tss_centered_10kb_7sp_mc_v6	15	transfac_pro-M00797	16871501	V$HIF1_Q3	0.0811196	3.80347	7	PDGFB;CITED2;ZNF292;NFIL3;EGLN1;MET;VEGFA;BCOR;ATXN1;GBE1;DTNA;LOXL2;DDIT4;NR3C1;HK2;P4HA2;KLF7;PFKP;STC1;C7orf68;SLCO4A1;ADM;EFNA3;C5orf13;KDM4B;YPEL1;BHLHE40;PDK1;BNIP3;SCARB1;ANGPTL4;STC2;BBX;DAAM1;TMEM45A;ITPR1;CSRP2;PTPRO;RNASE4;ANG;TNFAIP8;AHNAK2;SPRY1;PFKFB3;ATF3;AK4;ZNF395;GPR87;BNIP3L;KDM3A;EGFR;ERO1L;FYN;INSIG2;SOX9;CXCR4;KIAA1199;SERPINE1;CSGALNACT1;MAFF	26;45;57;64;70;123;168;170;172;194;202;207;232;235;293;318;372;442;452;460;585;597;646;698;715;779;787;800;850;901;986;1066;1161;1198;1205;1219;1247;1251;1382;1392;1400;1407;1452;1463;1491;1509;1603;1622;1758;1782;1822;1870;1880;1920;1924;2059;2118;2140;2161;2212	HIF1A;ARNT;EPAS1	-1;0.000195025;0.000810859	-1;-1;-1	null;transfac_pro-M02378;homer-M00085	null;V$HIF1AARNT_01;HIF2a(HLH)/O785-HIF2a-ChIP-Seq(GSE34871)/Homer	null;null;null	null;null;null
1	hg19_tss_centered_10kb_7sp_mc_v6	16	homer-M00083	16871502	HIF-1a(HLH)/MCF7-HIF1a-ChIP-Seq/Homer	0.0807612	3.77545	7	ZNF292;CITED2;EFNA3;MAFF;LOXL2;CADM1;MET;PDGFB;BHLHE40;DTNA;EGLN1;YPEL1;MXI1;PFKP;LOX;STC1;NFIL3;ZNF395;P4HA1;BCOR;FAM13A;HK2;AK4;PGK1;PDK1	1;3;8;27;39;40;99;127;143;148;269;324;326;330;331;355;435;461;468;499;573;600;623;632;650	HIF1A	-1	-1	null	null	null	null
1	hg19_tss_centered_10kb_7sp_mc_v6	17	elemento-TACGTGAC	16871503	TACGTGAC	0.0804727	3.7529	7	ZNF292;MAFF;MXI1;ALDOC;EFNA3;SAMD4A;TNFAIP8;VLDLR;PFKP;CSGALNACT1;CADM1;MET;INSIG2;RRAGD;FAM13A	2;13;18;21;26;38;119;160;176;177;195;196;213;237;275							
1	hg19_tss_centered_10kb_7sp_mc_v6	18	yetfasco-2125	16871504	YNL068C	0.0796161	3.68593	1	CADM1;ATXN1;SCARB1;CITED2;FYN;BBX;BCOR;MXI1;PTPRO;NDRG1;NR3C1;DTNA;FOS;TXNIP;CCNG2;KLHL24;PDK1;SORL1;KDM4B;ZMYND8;EFNA3;CYR61;CSGALNACT1;TMEM45A;ITPR1;NFIL3;BNIP3L;EGLN1;SPRY1;CSRP2;DDIT4;SAMD4A;GPR87;CXCR4;TGFBI;ATF3;TNFAIP8;ECE1;LOXL2;SOX9;GADD45B;DAAM1;KLF7;YPEL1;KLF6;MET;OLFML2A;C5orf13;DUSP1;ZNF395;KRT7;SERPINE1;LOX;HEY1	39;50;70;102;106;141;148;179;187;194;213;255;293;296;345;397;437;459;467;468;495;502;559;633;634;643;740;755;870;878;881;890;910;974;984;1028;1032;1083;1197;1233;1284;1360;1495;1525;1541;1579;1580;1627;1669;1690;1746;1876;1904;1935	FOXC2;FOXD2;FOXA2;FOXA1;FOXA3;FOXD3;FOXO1;HLTF	0.000128041;0.000156024;0.000251853;0.000251853;0.000251853;0.000291007;0.000448405;0.000801889	-1;-1;-1;-1;-1;-1;-1;-1	taipale-WAWRTAAAYAWW-FOXC2-DBD;taipale-RTAAAYA-FOXD2-DBD;transfac_pro-M01012;transfac_pro-M01012;transfac_pro-M01012;taipale-RTAAAYA-FOXD3-DBD;transfac_public-M00473;tfdimers-MD00358	WAWRTAAAYAWW-FOXC2-DBD;RTAAAYA-FOXD2-DBD;V$HNF3_Q6_01;V$HNF3_Q6_01;V$HNF3_Q6_01;RTAAAYA-FOXD3-DBD;V$FOXO1_01;HLTF,FOXA1	null;null;null;null;null;null;null;null	null;null;null;null;null;null;null;null
1	hg19_tss_centered_10kb_7sp_mc_v6	19	factorbook-TBP	16871505	TBP	0.0792664	3.6586	0	KIAA1199;ITPR1;CXCR4;CYR61;FOS;P4HA1;KLF7;KLF6;GADD45B;EGR1;PDGFB;ATF3;CSRP2;GBE1;IGFBP3;KRT15;ADM;VEGFA;ELF3;C5orf13;BCOR;TXNIP	11;56;57;68;94;105;108;122;185;193;251;255;256;310;361;397;404;473;480;506;517;533	TAF1;TBP;POLR2A;TBPL2	-1;-1;-1;0.00000000000595551	-1;-1;-1;0.5	null;null;null;transfac_public-M00252	null;null;null;V$TATA_01	null;null;null;FBgn0003687	null;null;null;D. melanogaster
1	hg19_tss_centered_10kb_7sp_mc_v6	20	jaspar-MA0030.1	16871506	FOXF2	0.0791965	3.65313	3	CADM1;MXI1;DDIT4;NDRG1;DUSP1;KLHL24;MAFF;EFNA3;TXNIP;ECE1;KLF7;SH3GL3;BCOR;NR3C1;ZNF395;CCNG2;TGFBI;DAAM1;PTRF;ZMYND8;ATXN1;SLCO4A1;FYN;TMEFF1;BBX;CITED2;SORL1;PTPRO;CSRP2;CSGALNACT1;ATF3;FOS;NFIL3;DTNA;SLC2A1;P4HA1;TIPARP;GDF15;BNIP3L;SOX9;GLRX;PFKP;C5orf13;MET;LIMCH1;ADORA2B;FAM13A;ZNF654;ITPR1;ZNF292;TMEM45A;SPOCK1;SPRY1;SAMD4A;GPR87;LOXL2;GJA1;FLNB;STC1;KIAA1199;TNFAIP8;BHLHE40;KLF6	3;9;25;36;56;68;147;185;196;226;264;283;295;307;331;363;382;416;422;458;596;623;659;674;785;824;858;985;1039;1091;1120;1249;1284;1321;1334;1462;1516;1595;1629;1680;1705;1727;1745;1877;2046;2116;2191;2357;2462;2469;2557;2561;2625;2679;2691;2706;2796;2820;2821;2838;2843;2848;2858	FOXF2;FOXF1;FOXJ1;FOXO1;FOXJ2;SF1;FOXO6;FOXO3;FOXO4;FOXD2;FOXD1;FOXI1;FOXC2;HLTF;FOXJ3;FOXA1;FOXA2;FOXP3;FOXK1	-1;0.0000000000272307;0.0000000000272307;0.00000493093;0.0000365621;0.000125165;0.000125165;0.000125165;0.000125165;0.000159715;0.000159715;0.000215903;0.000266235;0.000538486;0.000789064;0.000821859;0.000821859;0.000864107;0.000159715	-1;-1;-1;-1;-1;-1;-1;-1;-1;-1;-1;-1;-1;-1;-1;-1;-1;-1;0.9	null;swissregulon-FOX_F1-F2-J1_.p2;swissregulon-FOX_F1-F2-J1_.p2;taipale-GTAAACAA-FOXO1-DBD;taipale-RTAAACAA-FOXJ2-DBD;tfdimers-MD00114;taipale-GTAAACA-FOXO6-DBD;taipale-GTAAACAW-FOXO3-full;taipale-GTAAACA-FOXO4-DBD;swissregulon-FOX_D1-D2_.p2;swissregulon-FOX_D1-D2_.p2;taipale-GTAAACA-FOXI1-full;taipale-WAWRTAAAYAWW-FOXC2-DBD;tfdimers-MD00027;taipale-RTAAACAA-FOXJ3-DBD;factorbook-FOXA;factorbook-FOXA;transfac_pro-M01599;transfac_pro-M02752	null;FOXF2,FOXJ1,FOXF1;FOXF2,FOXJ1,FOXF1;GTAAACAA-FOXO1-DBD;RTAAACAA-FOXJ2-DBD;SF1,FOXO1;GTAAACA-FOXO6-DBD;GTAAACAW-FOXO3-full;GTAAACA-FOXO4-DBD;FOXD2,FOXD1;FOXD2,FOXD1;GTAAACA-FOXI1-full;WAWRTAAAYAWW-FOXC2-DBD;HLTF,FOXO1;RTAAACAA-FOXJ3-DBD;FOXA;FOXA;V$FOXP3_01;V$FOXK1_03	null;null;null;null;null;null;null;null;null;null;null;null;null;null;null;null;null;null;ENSMUSG00000056493	null;null;null;null;null;null;null;null;null;null;null;null;null;null;null;null;null;null;M. musculus
1	hg19_tss_centered_10kb_7sp_mc_v6	21	transfac_pro-M02378	16871507	V$HIF1AARNT_01	0.0782961	3.58275	7	ZNF292;CITED2;EFNA3;LOXL2;PDGFB;BHLHE40;STC2;CADM1;DTNA;SCARB1;BCOR;MET	3;8;20;23;28;29;43;67;87;88;122;132	ARNT;HIF1A;EPAS1	-1;-1;0.000046646	-1;-1;-1	null;null;transfac_pro-M01249	null;null;V$HIF2A_01	null;null;null	null;null;null
1	hg19_tss_centered_10kb_7sp_mc_v6	22	yetfasco-2003	16871508	YNL068C	0.0775968	3.52808	3	CADM1;MXI1;NR3C1;CITED2;FOS;NDRG1;ZNF395;PDK1;DDIT4;TMEM45A;KLHL24;ATXN1;PTRF;TXNIP;BCOR;ADM;C5orf13;SFXN3;BBX;CYR61;ECE1;PDGFB;SORL1;MAFF;AHNAK2;DAAM1;FYN;ZMYND8;INSIG2;SERPINE1;ATG14;DTNA;PIM1;TIPARP;LIMCH1;MET	6;11;14;53;112;118;160;189;192;203;204;214;255;283;403;418;475;483;500;527;535;562;637;649;714;749;781;806;858;868;904;921;948;1003;1024;1053	FOXP1;FOXO4;FOXO6;FOXF2;FOXA2;FOXO1;FOXD2;FOXD1;FOXA1;FOXO3;FOXI1;HLTF;FOXJ2;FOXC2;FOXP3;FOXK1	0.00000122917;0.0000102446;0.0000532156;0.0000787429;0.0000887183;0.000129003;0.000133646;0.000133646;0.00014685;0.000154924;0.000258894;0.000397197;0.000597099;0.00074187;0.000752963;0.000967644	-1;-1;-1;-1;-1;-1;-1;-1;-1;-1;-1;-1;-1;-1;-1;0.88	homer-M00063;taipale-GTAAACA-FOXO4-DBD;taipale-GTAAACA-FOXO6-DBD;transfac_public-M00290;homer-M00060;taipale-GTAAACAA-FOXO1-DBD;swissregulon-FOX_D1-D2_.p2;swissregulon-FOX_D1-D2_.p2;factorbook-FOXA;swissregulon-FOXO1-3-4.p2;taipale-GTAAACA-FOXI1-full;tfdimers-MD00358;taipale-RTAAACAA-FOXJ2-DBD;taipale-WAWRTAAAYAWW-FOXC2-DBD;transfac_pro-M01599;transfac_pro-M02752	FOXP1(Forkhead)/H9-FOXP1-ChIP-Seq(GSE31006)/Homer;GTAAACA-FOXO4-DBD;GTAAACA-FOXO6-DBD;V$FREAC2_01;Foxa2(Forkhead)/Liver-Foxa2-ChIP-Seq/Homer;GTAAACAA-FOXO1-DBD;FOXD2,FOXD1;FOXD2,FOXD1;FOXA;FOXO1,FOXO4,FOXO3;GTAAACA-FOXI1-full;HLTF,FOXA1;RTAAACAA-FOXJ2-DBD;WAWRTAAAYAWW-FOXC2-DBD;V$FOXP3_01;V$FOXK1_03	null;null;null;null;null;null;null;null;null;null;null;null;null;null;null;ENSMUSG00000056493	null;null;null;null;null;null;null;null;null;null;null;null;null;null;null;M. musculus
1	hg19_tss_centered_10kb_7sp_mc_v6	23	homer-M01479	16871509	FKH1/FKH1_YPD/53-FKH1, 53-FKH2(Harbison)/Yeast	0.0772559	3.50143	3	CADM1;MXI1;CITED2;NDRG1;NR3C1;KLHL24;TXNIP;DDIT4;DTNA;MAFF;ZNF395;ADM;PDK1;SFXN3;ATXN1;PTRF;AHNAK2;CYR61;CSRP2	1;14;39;60;65;82;115;144;152;185;246;281;344;358;371;397;398;419;421	FOXF2;FOXC2;FOXO4;FOXO3;FOXO1;FOXJ2;FOXO6;FOXJ1;FOXF1;HLTF;FOXD2;FOXP3;FOXI1;FOXK1;SRF	0.0000157693;0.00005854;0.0000633436;0.0000633436;0.0000633436;0.000109732;0.000260757;0.000287601;0.000287601;0.00035777;0.000554856;0.000708015;0.00078816;0.00000645331;0.000601629	-1;-1;-1;-1;-1;-1;-1;-1;-1;-1;-1;-1;-1;0.88;0.33	transfac_public-M00290;taipale-WAWRTAAAYAWW-FOXC2-DBD;swissregulon-FOXO1-3-4.p2;swissregulon-FOXO1-3-4.p2;swissregulon-FOXO1-3-4.p2;taipale-RTAAACAATAAAYA-FOXJ2-DBD;taipale-GTAAACA-FOXO6-DBD;swissregulon-FOX_F1-F2-J1_.p2;swissregulon-FOX_F1-F2-J1_.p2;tfdimers-MD00027;taipale-RTAAAYA-FOXD2-DBD;taipale-RTAAACA-FOXP3-DBD;taipale-GTAAACA-FOXI1-full;transfac_pro-M02752;transfac_pro-M01051	V$FREAC2_01;WAWRTAAAYAWW-FOXC2-DBD;FOXO1,FOXO4,FOXO3;FOXO1,FOXO4,FOXO3;FOXO1,FOXO4,FOXO3;RTAAACAATAAAYA-FOXJ2-DBD;GTAAACA-FOXO6-DBD;FOXF2,FOXJ1,FOXF1;FOXF2,FOXJ1,FOXF1;HLTF,FOXO1;RTAAAYA-FOXD2-DBD;RTAAACA-FOXP3-DBD;GTAAACA-FOXI1-full;V$FOXK1_03;F$MCM1_02	null;null;null;null;null;null;null;null;null;null;null;null;null;ENSMUSG00000056493;YMR043W	null;null;null;null;null;null;null;null;null;null;null;null;null;M. musculus;S. cerevisiae
1	hg19_tss_centered_10kb_7sp_mc_v6	24	elemento-TTGTTTAC	16871510	TTGTTTAC	0.07695	3.47751	3	CADM1;MXI1;CITED2;KLHL24;NDRG1;TXNIP;MAFF;ATXN1;DTNA;SFXN3;ZNF395;PTRF;TIPARP;ADM;PDK1;SORL1;CXCR4;NR3C1;TMEFF1;BNIP3L;CSRP2;TMEM45A;SPRY1;C5orf13	2;12;20;55;71;80;121;167;170;184;191;284;360;365;366;379;444;468;555;579;582;599;610;613	FOXO4;FOXO1;FOXO3;FOXF2;FOXO6;FOXC2;HLTF;FOXK1	0.0000110734;0.000134537;0.000134537;0.000221646;0.000626963;0.00063113;0.000819746;0.00016846	-1;-1;-1;-1;-1;-1;-1;0.88	transfac_public-M00476;swissregulon-FOXO1-3-4.p2;swissregulon-FOXO1-3-4.p2;jaspar-MA0030.1;taipale-GTAAACA-FOXO6-DBD;taipale-WAWRTAAAYAWW-FOXC2-DBD;tfdimers-MD00027;transfac_pro-M02752	V$FOXO4_02;FOXO1,FOXO4,FOXO3;FOXO1,FOXO4,FOXO3;FOXF2;GTAAACA-FOXO6-DBD;WAWRTAAAYAWW-FOXC2-DBD;HLTF,FOXO1;V$FOXK1_03	null;null;null;null;null;null;null;ENSMUSG00000056493	null;null;null;null;null;null;null;M. musculus
1	hg19_tss_centered_10kb_7sp_mc_v6	25	transfac_public-M00475	16871511	N$DAF16_01	0.0764605	3.43924	3	CADM1;MXI1;NDRG1;DDIT4;ATG14;NR3C1;DTNA;ZNF395;MAFF;CITED2;SORL1;TXNIP	4;19;25;34;61;83;89;102;136;140;143;144	FOXO1;FOXO3;FOXO4;FOXF2;FOXO6;FOXI1;FOXP1;FOXK1	0.0000000354526;0.000000251568;0.000000251568;0.0000309064;0.000186255;0.000510626;0.000510626;0.00010457	-1;-1;-1;-1;-1;-1;-1;0.88	transfac_public-M00474;swissregulon-FOXO1-3-4.p2;swissregulon-FOXO1-3-4.p2;transfac_public-M00290;taipale-GTAAACA-FOXO6-DBD;taipale-GTAAACA-FOXI1-full;homer-M00063;transfac_pro-M02752	V$FOXO1_02;FOXO1,FOXO4,FOXO3;FOXO1,FOXO4,FOXO3;V$FREAC2_01;GTAAACA-FOXO6-DBD;GTAAACA-FOXI1-full;FOXP1(Forkhead)/H9-FOXP1-ChIP-Seq(GSE31006)/Homer;V$FOXK1_03	null;null;null;null;null;null;null;ENSMUSG00000056493	null;null;null;null;null;null;null;M. musculus
1	hg19_tss_centered_10kb_7sp_mc_v6	26	tfdimers-MD00494	16871512	TBP_SOX9	0.0764168	3.43583	4	TIPARP;DST;MXI1;KLHL24;ECE1;PTPRO;FYN;DAAM1;EFNA3;DTNA;CADM1;DDIT4;EGR1;BCOR;STC1;DUSP1;KLF7;SOX9;BBX;ITPR1;TMEM45A;CSGALNACT1	37;41;56;79;115;133;152;157;161;171;217;219;251;340;348;372;408;495;537;554;557;598	TBP;SOX9	-1;-1	-1;-1	null;null	null;null	null;null	null;null
1	hg19_tss_centered_10kb_7sp_mc_v6	27	yetfasco-2205	16871513	YNL068C	0.0757437	3.38321	1	BCOR;CADM1;ZMYND8;FYN;ATXN1;MXI1;BBX;NR3C1;TXNIP;IGFBP5;NFIL3;DTNA;FOS;SCARB1;CYR61;CCNG2;ATF3;KLF7;CXCR4;TNFAIP8;RRAGD;CSGALNACT1;CITED2;TGFBI;TMEM45A;C5orf13;PFKP;GADD45B;SOX9;SPRY1;DDIT4;ITPR1;VEGFA;EGLN1;SAMD4A;SORL1;NDRG1;PTPRO;SLCO4A1;CSRP2;GDF15;MET;KDM4B;KLF6;YPEL1;PLAC8;PDK1;LIMCH1;DAAM1;STC1;BNIP3L;ZNF395;SERPINE1;KLHL24;PTRF;EFNA3;PIM1;OLFML2A;PDGFB;KRT7;LOXL2;MAFF	79;82;87;99;110;125;143;158;194;197;226;262;267;278;307;354;373;407;456;613;620;638;691;704;757;795;805;828;863;881;955;977;979;1008;1047;1051;1165;1167;1269;1310;1335;1385;1518;1554;1636;1703;1768;1927;2044;2045;2106;2246;2263;2361;2374;2380;2408;2410;2519;2578;2588;2654	JAZF1	0.000915314	0.09	yetfasco-2230	YLR403W	YLR403W	S. cerevisiae
1	hg19_tss_centered_10kb_7sp_mc_v6	28	yetfasco-607	16871514	YIL131C	0.0757437	3.38321	3	CADM1;MXI1;DDIT4;NR3C1;DTNA;SORL1;C5orf13;PGM1;CITED2;ECE1;PTRF;SPRY1;CCNG2;ZNF395;KLF7;BCOR;KLHL24	11;15;20;64;131;188;191;221;233;262;267;272;275;305;311;322;336	FOXF2;FOXF1;FOXJ1;FOXC2;FOXO1;FOXO4;FOXO3;HLTF;FOXA1;FOXO6;FOXI1;FOXA2;FOXD2;FOXD1;FOXJ2;FOXB1;PGR;NR3C1;FOXA3;FOXJ3;FOXK1;SRF	0.00000109656;0.0000106354;0.0000106354;0.0000106883;0.0000253492;0.0000253492;0.0000253492;0.0000577274;0.000105641;0.00019465;0.00019465;0.000200761;0.000256496;0.000429879;0.000462381;0.00070958;0.000904879;0.000904879;0.000904879;0.000956759;0.000000905801;0.0000800851	-1;-1;-1;-1;-1;-1;-1;-1;-1;-1;-1;-1;-1;-1;-1;-1;-1;-1;-1;-1;0.9;0.18	transfac_public-M00290;swissregulon-FOX_F1-F2-J1_.p2;swissregulon-FOX_F1-F2-J1_.p2;taipale-WAWRTAAAYAWW-FOXC2-DBD;swissregulon-FOXO1-3-4.p2;swissregulon-FOXO1-3-4.p2;swissregulon-FOXO1-3-4.p2;tfdimers-MD00027;homer-M00058;taipale-GTAAACA-FOXO6-DBD;taipale-GTAAACA-FOXI1-full;homer-M00060;taipale-RTAAAYA-FOXD2-DBD;swissregulon-FOX_D1-D2_.p2;taipale-RTAAACAA-FOXJ2-DBD;taipale-WGTAAAYAN-FOXB1-full;tfdimers-MD00006;tfdimers-MD00006;tfdimers-MD00006;taipale-RTAAACAA-FOXJ3-DBD;transfac_pro-M02752;transfac_pro-M01051	V$FREAC2_01;FOXF2,FOXJ1,FOXF1;FOXF2,FOXJ1,FOXF1;WAWRTAAAYAWW-FOXC2-DBD;FOXO1,FOXO4,FOXO3;FOXO1,FOXO4,FOXO3;FOXO1,FOXO4,FOXO3;HLTF,FOXO1;FOXA1(Forkhead)/LNCAP-FOXA1-ChIP-Seq/Homer;GTAAACA-FOXO6-DBD;GTAAACA-FOXI1-full;Foxa2(Forkhead)/Liver-Foxa2-ChIP-Seq/Homer;RTAAAYA-FOXD2-DBD;FOXD2,FOXD1;RTAAACAA-FOXJ2-DBD;WGTAAAYAN-FOXB1-full;PGR,FOXA3,NR3C1,NR3C3;PGR,FOXA3,NR3C1,NR3C3;PGR,FOXA3,NR3C1,NR3C3;RTAAACAA-FOXJ3-DBD;V$FOXK1_03;F$MCM1_02	null;null;null;null;null;null;null;null;null;null;null;null;null;null;null;null;null;null;null;null;ENSMUSG00000056493;YMR043W	null;null;null;null;null;null;null;null;null;null;null;null;null;null;null;null;null;null;null;null;M. musculus;S. cerevisiae
1	hg19_tss_centered_10kb_7sp_mc_v6	29	yetfasco-2002	16871515	YIL131C	0.0756737	3.37774	3	CADM1;MXI1;CITED2;NR3C1;DDIT4;NDRG1;EFNA3;TXNIP;ZNF395;ECE1;FOS;DTNA;SCARB1;ADM;TMEM45A;SFXN3;ATXN1;PDK1;KLHL24;FYN;SORL1;KRT7;CYR61;VEGFC;PTPRO;MAFF;AHNAK2;CCNG2;PIM1;BNIP3;GADD45B;PDGFB;ITPR1;KLF7;BCOR;LOXL2;SERPINE1;C5orf13;ZNF654;ZMYND8;CAV1;OLFML2A;SLC2A1;DPYSL4	2;25;29;46;92;121;156;160;173;275;282;329;332;354;389;426;433;435;454;516;536;590;598;696;835;872;957;1002;1014;1027;1054;1110;1154;1167;1245;1301;1443;1457;1581;1594;1595;1610;1624;1639	FOXP1;FOXO4;FOXA2;FOXA1;FOXO6;FOXF2;FOXO1;FOXI1;FOXO3;FOXJ2;FOXD1;FOXD2;HLTF;FOXC2;FOXJ1;FOXF1;FOXL1;FOXK1	0.000000210393;0.000000745208;0.0000192162;0.0000303109;0.0000446863;0.0000654145;0.000102803;0.000102803;0.00017511;0.000233344;0.000383053;0.000383053;0.000503749;0.00063113;0.000749646;0.000749646;0.000979672;0.000546055	-1;-1;-1;-1;-1;-1;-1;-1;-1;-1;-1;-1;-1;-1;-1;-1;-1;0.9	homer-M00063;taipale-GTAAACA-FOXO4-DBD;homer-M00060;factorbook-FOXA;taipale-GTAAACA-FOXO6-DBD;transfac_public-M00290;taipale-GTAAACAA-FOXO1-DBD;taipale-GTAAACA-FOXI1-full;swissregulon-FOXO1-3-4.p2;taipale-RTAAACAA-FOXJ2-DBD;swissregulon-FOX_D1-D2_.p2;swissregulon-FOX_D1-D2_.p2;tfdimers-MD00358;taipale-WAWRTAAAYAWW-FOXC2-DBD;swissregulon-FOX_F1-F2-J1_.p2;swissregulon-FOX_F1-F2-J1_.p2;taipale-RTAAAYA-FOXL1-full;transfac_pro-M02752	FOXP1(Forkhead)/H9-FOXP1-ChIP-Seq(GSE31006)/Homer;GTAAACA-FOXO4-DBD;Foxa2(Forkhead)/Liver-Foxa2-ChIP-Seq/Homer;FOXA;GTAAACA-FOXO6-DBD;V$FREAC2_01;GTAAACAA-FOXO1-DBD;GTAAACA-FOXI1-full;FOXO1,FOXO4,FOXO3;RTAAACAA-FOXJ2-DBD;FOXD2,FOXD1;FOXD2,FOXD1;HLTF,FOXA1;WAWRTAAAYAWW-FOXC2-DBD;FOXF2,FOXJ1,FOXF1;FOXF2,FOXJ1,FOXF1;RTAAAYA-FOXL1-full;V$FOXK1_03	null;null;null;null;null;null;null;null;null;null;null;null;null;null;null;null;null;ENSMUSG00000056493	null;null;null;null;null;null;null;null;null;null;null;null;null;null;null;null;null;M. musculus
1	hg19_tss_centered_10kb_7sp_mc_v6	30	transfac_pro-M01249	16871516	V$HIF2A_01	0.0755339	3.36681	7	ZNF292;CITED2;BHLHE40;LOX;EFNA3;LOXL2;DTNA;MET;BCOR;NFIL3;SCARB1;YPEL1;PTPRO;STC2;ADM;PDGFB;HK2;MAFF;HEY1;TRA2A;CADM1;PLAC8;CA9;BNIP3;ATXN1;P4HA2;PFKFB3;ITPR1;CSGALNACT1;PFKP;EGLN1;MXI1;AHNAK2;SCNN1B;BNIP3L;GBE1;SPRY1;GPR87;KLF6;NR3C1;KLF7;WSB1;TMEM45A;PDK1;SRPX	1;2;4;10;15;24;40;161;169;175;187;252;296;367;397;475;524;554;580;581;631;659;665;671;728;783;808;903;965;998;1007;1025;1055;1096;1106;1108;1117;1243;1334;1360;1403;1409;1446;1487;1494	EPAS1;ARNT;HIF1A	-1;0.000046646;0.000046646	-1;-1;-1	null;transfac_pro-M02378;transfac_pro-M02378	null;V$HIF1AARNT_01;V$HIF1AARNT_01	null;null;null	null;null;null
1	hg19_tss_centered_10kb_7sp_mc_v6	31	flyfactorsurvey-tgo_sima_SANGER_5_FBgn0015542	16871517	FBgn0015542(sima)	0.0752104	3.34153	7	ZNF292;EFNA3;MAFF;BCOR;ALDOC;SAMD4A;STC1;DTNA;YPEL1;CCNG2;MET;SORL1;CADM1;CITED2;NFIL3;LOXL2;WSB1;VLDLR;MXI1;KLF7;CSGALNACT1;TNFAIP8;KLF6;AKAP12;FYN;NDRG1;PDGFB;P4HA1;PGK1;PLIN2;DAAM1;DPYSL4;RRAGD;KDM4B;ZNF395;INSIG2;SCARB1;PDK1;ATXN1;DDIT4	1;6;42;46;68;99;119;136;166;174;190;304;310;353;445;456;462;483;487;571;608;610;716;823;919;935;985;991;1060;1103;1158;1206;1218;1356;1378;1388;1420;1468;1546;1557							
1	hg19_tss_centered_10kb_7sp_mc_v6	32	yetfasco-1773	16871518	YIL131C	0.0750968	3.33264	3	CADM1;MXI1;CITED2;DDIT4;NDRG1;TXNIP;EFNA3;ECE1;ADM;SCARB1;SFXN3;NR3C1;ZNF395;SORL1;KLHL24;PDK1;DTNA;MAFF;TMEM45A;GADD45B;KRT7;PTPRO;ATXN1;VEGFC;FOS;CCNG2;CYR61;ITPR1;ZNF654;MET;ATG14;DAAM1;LOXL2;VLDLR;SLC2A1;FYN;BNIP3;SERPINE1;BCOR;OLFML2A;LOX;PTRF;PDGFB;DDR1;IGFBP3;DPYSL4;LIMCH1;KIAA1199	1;22;45;76;85;114;198;231;232;245;248;255;291;332;350;354;412;419;474;491;628;646;715;727;746;964;1012;1030;1067;1165;1267;1279;1362;1442;1449;1460;1584;1653;1756;1789;1820;1822;1863;1906;1924;1927;1995;2033	FOXO6;FOXP1;FOXO1;FOXO4;FOXI1;FOXA2;FOXA1;FOXD1;FOXD2;FOXF2;FOXO3;FOXJ2;HLTF;FOXC2;FOXK1	0.0000125509;0.0000240795;0.0000262273;0.0000262273;0.0000262273;0.0000460158;0.000124794;0.000124794;0.000124794;0.000124794;0.000175151;0.000329622;0.000560143;0.000590813;0.000680961	-1;-1;-1;-1;-1;-1;-1;-1;-1;-1;-1;-1;-1;-1;0.88	taipale-GTAAACA-FOXO6-DBD;homer-M00063;taipale-GTAAACAA-FOXO1-DBD;taipale-GTAAACA-FOXO4-DBD;taipale-GTAAACA-FOXI1-full;homer-M00060;factorbook-FOXA;swissregulon-FOX_D1-D2_.p2;swissregulon-FOX_D1-D2_.p2;transfac_public-M00290;taipale-GTAAACAW-FOXO3-full;taipale-RTAAACAA-FOXJ2-DBD;tfdimers-MD00358;taipale-WAWRTAAAYAWW-FOXC2-DBD;transfac_pro-M02752	GTAAACA-FOXO6-DBD;FOXP1(Forkhead)/H9-FOXP1-ChIP-Seq(GSE31006)/Homer;GTAAACAA-FOXO1-DBD;GTAAACA-FOXO4-DBD;GTAAACA-FOXI1-full;Foxa2(Forkhead)/Liver-Foxa2-ChIP-Seq/Homer;FOXA;FOXD2,FOXD1;FOXD2,FOXD1;V$FREAC2_01;GTAAACAW-FOXO3-full;RTAAACAA-FOXJ2-DBD;HLTF,FOXA1;WAWRTAAAYAWW-FOXC2-DBD;V$FOXK1_03	null;null;null;null;null;null;null;null;null;null;null;null;null;null;ENSMUSG00000056493	null;null;null;null;null;null;null;null;null;null;null;null;null;null;M. musculus
1	hg19_tss_centered_10kb_7sp_mc_v6	33	iDMMPMM-SRP	16871519	srp	0.0745286	3.28823	6	BCOR;ATF3;OBSL1;DTNA;CITED2;ZNF292;IGFBP5;FOS;NR3C1;GBE1;FYN;PLIN2;SRCAP;SLC2A1;RRAGD;P4HA1;ADM;CSRP2;SRPX;DAAM1	4;79;82;92;134;146;171;213;215;233;249;257;271;306;359;364;409;466;469;500							
1	hg19_tss_centered_10kb_7sp_mc_v6	34	elemento-CACGCGA	16871520	CACGCGA	0.0739954	3.24654	9	ZNF292;EFNA3;SRCAP;P4HA1;TXNIP;ITPR1;BCOR;NR3C1;SOX9;STC2;GPR87;C5orf13;MXI1;MAFF;SLCO4A1;MET;ATXN1;ASPH;DTNA;TNFAIP8;DDIT4;CSRP2;DPYSL4;YPEL1;SPRY1;BNIP3L;ATF3;FYN;C7orf68;PLIN2;GBE1;DAAM1;SCNN1B;VLDLR;DDR1;PAM;PTPRO;CSGALNACT1;RNASE4;ANG;FOS;NDRG1;HEY1;LOXL2;UPK1A;GJA1;ECE1;CYP1B1;PLAC8	33;50;71;92;93;99;178;185;211;217;219;223;250;277;278;389;476;514;544;548;658;784;787;789;835;852;857;955;1183;1219;1236;1287;1314;1493;1518;1640;1805;1852;1931;1953;1962;1975;1982;2001;2013;2084;2090;2099;2165							
1	hg19_tss_centered_10kb_7sp_mc_v6	35	homer-M00553	16871521	slp1/dmmpmm(Noyes)/fly	0.0738818	3.23766	3	CADM1;CCNG2;SORL1;OLFML2A;ECE1;BCOR;TGFBI;KLF6;ATXN1;DTNA;CXCR4;FOS;SCARB1;PTPRO;NDRG1;KRT7;CITED2;MXI1;BBX;C5orf13;ZNF395;FYN;SAMD4A;NR3C1;DAAM1;ATF3;DDIT4;PDK1;MET;GJA1;GPR87;DDR1;ADORA2B;SPRY1;PDGFB;DUSP1;PGM1;EFNA3;KLF7;CSRP2;FAM13A;SLCO4A1;ITPR1;INSIG2;TNFAIP8;CSGALNACT1;PHLDA1;KLHL24	1;59;79;102;125;147;175;182;202;231;261;316;334;355;390;400;414;456;502;529;539;593;608;628;703;798;937;1005;1016;1139;1192;1236;1248;1264;1285;1362;1378;1450;1577;1610;1627;1667;1670;1761;1764;1836;1943;1944	FOXG1;FOXF2;FOXC2;FOXO4;FOXO1;FOXO3;FOXF1;FOXJ1;FOXJ2;FOXD2;FOXA1;FOXA2;FOXP3;FOXK1	-1;0.00003117;0.0000651746;0.000158879;0.000158879;0.000158879;0.000198064;0.000198064;0.000367244;0.000488309;0.000592758;0.000592758;0.000789324;0.000314983	0.31;-1;-1;-1;-1;-1;-1;-1;-1;-1;-1;-1;-1;0.88	null;transfac_public-M00290;taipale-WAWRTAAAYAWW-FOXC2-DBD;swissregulon-FOXO1-3-4.p2;swissregulon-FOXO1-3-4.p2;swissregulon-FOXO1-3-4.p2;swissregulon-FOX_F1-F2-J1_.p2;swissregulon-FOX_F1-F2-J1_.p2;taipale-RTAAACAA-FOXJ2-DBD;taipale-RTAAAYA-FOXD2-DBD;factorbook-FOXA;factorbook-FOXA;taipale-RTAAACA-FOXP3-DBD;transfac_pro-M02752	null;V$FREAC2_01;WAWRTAAAYAWW-FOXC2-DBD;FOXO1,FOXO4,FOXO3;FOXO1,FOXO4,FOXO3;FOXO1,FOXO4,FOXO3;FOXF2,FOXJ1,FOXF1;FOXF2,FOXJ1,FOXF1;RTAAACAA-FOXJ2-DBD;RTAAAYA-FOXD2-DBD;FOXA;FOXA;RTAAACA-FOXP3-DBD;V$FOXK1_03	FBgn0003430;null;null;null;null;null;null;null;null;null;null;null;null;ENSMUSG00000056493	D. melanogaster;null;null;null;null;null;null;null;null;null;null;null;null;M. musculus
1	hg19_tss_centered_10kb_7sp_mc_v6	36	swissregulon-FOX_F1-F2-J1_.p2	16871522	FOXF2, FOXJ1, FOXF1	0.0736457	3.21921	3	MXI1;CADM1;NDRG1;DDIT4;NR3C1;EFNA3;KLHL24;MAFF;ZNF395;ECE1;SORL1;PTRF;CITED2;DUSP1;TIPARP;DAAM1;CSRP2;KLF7;ATXN1;FYN;SLCO4A1;P4HA1;ZMYND8;BCOR;CCNG2;SLC2A1;ADORA2B;NFIL3;TXNIP;DTNA;TGFBI;FOS;PFKP;ITPR1;INSIG2;BBX;SOX9;BHLHE40;TMEFF1;BNIP3L;GDF15;YPEL1;STC1;KLF6;ZNF654;SH3GL3;ZNF292;AKAP12;C5orf13;EGLN1;ATF3;RBPJ;KDM3A;TMEM45A;PTPRO;GLRX;LIMCH1;KDM4B;SCARB1;AHNAK2;LOXL2;GPR87;HK2;OLFML2A;CXCR4;TNFAIP8;RRAGD;MET;FAM13A;CSGALNACT1;BNIP3;ADM;ERO1L;PIM1;S100A2;SPOCK1;SAMD4A;EGLN3;CD59;PRKCA;SERPINE1;DSC2;GJA1	9;24;25;35;53;86;90;98;139;206;260;263;274;361;422;438;451;541;558;642;777;790;797;860;969;986;1112;1153;1213;1304;1329;1339;1386;1412;1428;1531;1552;1623;1651;1667;1680;1732;1935;2003;2167;2242;2284;2419;2420;2467;2469;2516;2519;2620;2764;2773;2891;2899;2902;2990;2991;2997;3030;3177;3216;3278;3379;3449;3524;3573;3661;3680;3804;3873;3888;3964;3978;4060;4168;4266;4298;4348;4363	FOXF2;FOXJ1;FOXF1;FOXJ2;FOXC2;FOXO1;SF1;NR3C1;FOXA3;PGR;HLTF;FOXL1;FOXA2;FOXA1;FOXO4;FOXO3;FOXJ3;FOXP3;FOXD2;NF1;FOXK1	-1;-1;-1;0.0000106354;0.0000276883;0.0000277067;0.0000277067;0.0000643291;0.0000643291;0.0000643291;0.0000647133;0.0000836272;0.0000964921;0.0000964921;0.000139623;0.000139623;0.000287601;0.000364661;0.00070268;0.000943893;0.0000453502	-1;-1;-1;-1;-1;-1;-1;-1;-1;-1;-1;-1;-1;-1;-1;-1;-1;-1;-1;-1;0.9	null;null;null;taipale-RTAAACAA-FOXJ2-DBD;taipale-WAWRTAAAYAWW-FOXC2-DBD;tfdimers-MD00114;tfdimers-MD00114;tfdimers-MD00006;tfdimers-MD00006;tfdimers-MD00006;tfdimers-MD00027;taipale-RTAAAYA-FOXL1-full;factorbook-FOXA;factorbook-FOXA;swissregulon-FOXO1-3-4.p2;swissregulon-FOXO1-3-4.p2;taipale-RTAAACAA-FOXJ3-DBD;transfac_pro-M01599;taipale-RTAAAYA-FOXD2-DBD;homer-M00117;transfac_pro-M02752	null;null;null;RTAAACAA-FOXJ2-DBD;WAWRTAAAYAWW-FOXC2-DBD;SF1,FOXO1;SF1,FOXO1;PGR,FOXA3,NR3C1,NR3C3;PGR,FOXA3,NR3C1,NR3C3;PGR,FOXA3,NR3C1,NR3C3;HLTF,FOXO1;RTAAAYA-FOXL1-full;FOXA;FOXA;FOXO1,FOXO4,FOXO3;FOXO1,FOXO4,FOXO3;RTAAACAA-FOXJ3-DBD;V$FOXP3_01;RTAAAYA-FOXD2-DBD;NF1:FOXA1/LNCAP-FOXA1-ChIP-Seq/Homer;V$FOXK1_03	null;null;null;null;null;null;null;null;null;null;null;null;null;null;null;null;null;null;null;null;ENSMUSG00000056493	null;null;null;null;null;null;null;null;null;null;null;null;null;null;null;null;null;null;null;null;M. musculus
1	hg19_tss_centered_10kb_7sp_mc_v6	37	transfac_public-M00129	16871523	V$HFH1_01	0.0735583	3.21237	4	MXI1;NFIL3;NR3C1;INSIG2;DDIT4;TGFBI;BCOR;KDM4B;IGFBP5;DUSP1;CADM1;SOX9;NDRG1;CSRP2;EGLN3;LIMCH1;BBX;FYN;GJA1;TIPARP	33;35;41;89;101;118;146;155;172;205;209;254;288;346;393;423;429;491;527;530	FOXQ1;FOXJ2;FOXJ1;RRN3;FOXF2;FOXF1;FOXD3;FOXH1	0.00000113352;0.000116267;0.000132593;0.000132593;0.000132593;0.000132593;0.000132593;0.000132593	-1;-1;-1;-1;-1;-1;-1;-1	swissregulon-FOXQ1.p2;transfac_public-M00422;transfac_pro-M00809;transfac_pro-M00809;transfac_pro-M00809;transfac_pro-M00809;transfac_pro-M00809;transfac_pro-M00809	FOXQ1;V$FOXJ2_01;V$FOX_Q2;V$FOX_Q2;V$FOX_Q2;V$FOX_Q2;V$FOX_Q2;V$FOX_Q2	null;null;null;null;null;null;null;null	null;null;null;null;null;null;null;null
1	hg19_tss_centered_10kb_7sp_mc_v6	38	elemento-ACACGCG	16871524	ACACGCG	0.0726842	3.14404	9	MXI1;PDGFB;NR3C1;C5orf13;NDRG1;STC2;LOXL2;SAMD4A;SCARB1;BCOR;DTNA;SOX9;SLCO4A1;SPRY1;SH3GL3;MET;EFNA3;SCNN1B;CYR61;IGFBP5;YPEL1;VEGFA;TMEFF1;KLF7;ATXN1;KDM4B;PFKFB3;CADM1;NFIL3;VLDLR;STC1;CSRP2;ATF3;DPYSL4;EGLN1;MAFF;TIPARP;RBPJ;ECE1;CYB5A;PPFIA4;DAAM1;CXCR4;UPK1A;PFKP;GPR87;AKAP12;AHNAK2;ZNF395;P4HA2;KRT7;CITED2;CYP1B1;WISP2;RRAGD;ENO2;LIMCH1;ASPH;ITPR1;TNFAIP8;EGR1;KDM3A;ADORA2B;RNASE4;ANG;CSGALNACT1;PIM1;BNIP3L;ADM;RASA4;GJA1;INSIG2;FOS;PTPRO;BBX;FYN;EGLN3;HEY1;PAM;ARTN;STBD1;AK4;DDR1;CAV1;C7orf68;IGFBP3;SORL1	10;22;25;32;61;63;125;167;172;194;228;231;263;339;386;473;534;584;591;615;640;774;825;875;878;937;1001;1066;1111;1201;1257;1278;1334;1365;1545;1565;1637;1687;1762;1825;1837;1865;1894;2096;2180;2227;2307;2325;2374;2556;2743;2754;2781;2844;2845;2858;2885;2911;2976;3096;3248;3278;3426;3465;3484;3485;3512;3518;3565;3570;3676;3712;3788;3806;4007;4035;4075;4138;4271;4282;4359;4403;4450;4458;4462;4496;4523							
1	hg19_tss_centered_10kb_7sp_mc_v6	39	transfac_public-M00474	16871525	V$FOXO1_02	0.0722471	3.10987	3	MXI1;NDRG1;CADM1;DDIT4;ATG14;ATXN1;MAFF;DTNA;CYR61;NR3C1;GPR87;SFXN3;ZNF395;SLC2A1;ATF3;SORL1;CITED2;CCNG2;SPRY1;INSIG2;RRAGD;PGM1;ADM;FYN;GJA1;SH3GL3;BBX;PDK1;PAM;TXNIP;EGLN1;BCOR;PTPRO;PLAC8;PTRF;CSGALNACT1;TMEM45A;LIMCH1;ITPR1;YEATS2;IGFBP3;LOX;SCNN1B;KDM3A	21;30;41;62;82;85;97;100;148;214;272;306;324;388;427;440;471;507;554;581;655;713;757;829;950;1003;1051;1083;1100;1157;1207;1277;1325;1455;1475;1502;1552;1565;1671;1806;1828;1875;1878;1905	FOXO1;FOXO3;FOXO4;FOXF2;FOXF1;FOXJ1;FOXC2;FOXO6;FOXI1;FOXD2;FOXP1;FOXD1;FOXK1	-1;0.0000000652742;0.0000000652742;0.00000659079;0.000406753;0.000406753;0.000616281;0.000626963;0.000754993;0.000890211;0.000890211;0.000890211;0.00011232	-1;-1;-1;-1;-1;-1;-1;-1;-1;-1;-1;-1;0.88	null;swissregulon-FOXO1-3-4.p2;swissregulon-FOXO1-3-4.p2;transfac_public-M00290;swissregulon-FOX_F1-F2-J1_.p2;swissregulon-FOX_F1-F2-J1_.p2;taipale-WAWRTAAAYAWW-FOXC2-DBD;taipale-GTAAACA-FOXO6-DBD;taipale-GTAAACA-FOXI1-full;swissregulon-FOX_D1-D2_.p2;homer-M00063;swissregulon-FOX_D1-D2_.p2;transfac_pro-M02752	null;FOXO1,FOXO4,FOXO3;FOXO1,FOXO4,FOXO3;V$FREAC2_01;FOXF2,FOXJ1,FOXF1;FOXF2,FOXJ1,FOXF1;WAWRTAAAYAWW-FOXC2-DBD;GTAAACA-FOXO6-DBD;GTAAACA-FOXI1-full;FOXD2,FOXD1;FOXP1(Forkhead)/H9-FOXP1-ChIP-Seq(GSE31006)/Homer;FOXD2,FOXD1;V$FOXK1_03	null;null;null;null;null;null;null;null;null;null;null;null;ENSMUSG00000056493	null;null;null;null;null;null;null;null;null;null;null;null;M. musculus
1	hg19_tss_centered_10kb_7sp_mc_v6	40	transfac_pro-M02875	16871526	V$ISGF4G_04	0.0720723	3.0962	1	EGLN1;FYN;ZMYND8;CADM1;NR3C1;DTNA;TNFAIP8;SOX9;IGFBP5;ZNF395;BCOR;TXNIP;BBX;CXCR4;GADD45B;MXI1;TMEM45A;CCNG2	42;77;105;116;161;190;198;217;223;236;249;257;275;319;360;361;368;396							
1	hg19_tss_centered_10kb_7sp_mc_v6	41	jaspar-PF0013.1	16871527	CTTTGT	0.071915	3.0839	2	TMEFF1;RBPJ;DPYSL4;KLF7;DUSP1;EFNA3;PDGFB;ATF3;SPOCK1;FYN;GJA1;VEGFA;RNASE4;ANG	7;19;22;83;85;117;118;125;204;226;232;272;301;312							
1	hg19_tss_centered_10kb_7sp_mc_v6	42	swissregulon-TBP.p2	16871528	TBP	0.0718625	3.0798	0	ATF3;KIAA1199;KLF7;CYR61;P4HA1;S100A4;GBE1;ITPR1;KLF6;PDGFB;IGFBP3;C5orf13;CXCR4;KRT15;GPR87;CD59;BCOR;FOS;CSRP2;EGR1;GADD45B;NDRG1	37;40;69;75;94;99;139;154;167;221;311;317;342;392;416;425;448;481;482;591;598;621	TBP;POLR2A;TAF1;TBPL2	-1;0.0000000000000020294;0.0000000000000020294;0.00000000000000446289	-1;-1;-1;0.5	null;factorbook-TBP;factorbook-TBP;transfac_public-M00252	null;TBP;TBP;V$TATA_01	null;null;null;FBgn0003687	null;null;null;D. melanogaster
1	hg19_tss_centered_10kb_7sp_mc_v6	43	homer-M01759	16871529	FKH1(MacIsaac)/Yeast	0.0717489	3.07092	3	CADM1;MXI1;DTNA;KLF7;MAFF;PTRF;NDRG1;DDIT4;ATXN1;KLHL24;NR3C1;C5orf13;SFXN3;SORL1;CITED2;PGM1;CCNG2;ZNF395;CSRP2;TMEFF1;TXNIP;BCOR;KLF6;ECE1;GPR87;MET;LOX;SH3GL3;FYN;ADORA2B;GJA1;FOS;EGR1;ITPR1;AHNAK2;PDK1;DDR1;DAAM1;BNIP3L;TMEM45A;ASPH;SLC2A1;ATF3;SLCO4A1;TNFAIP8;CYR61;PTPRO;SPRY1;P4HA1;KDM3A;RNASE4;RRAGD;ANG	8;9;72;108;127;133;147;149;156;165;171;199;288;329;353;455;496;514;643;861;878;889;894;917;918;1054;1078;1085;1216;1244;1251;1278;1475;1497;1527;1538;1539;1588;1652;1672;1699;1728;1762;1810;1900;1902;1921;1927;2002;2034;2108;2110;2126	FOXF2;FOXJ1;FOXF1;FOXO4;FOXO3;FOXO1;FOXO6;FOXC2;HLTF;FOXI1;FOXD1;FOXD2;FOXA2;FOXA1;FOXK1;SRF	0.000000468847;0.00000708765;0.00000708765;0.0000636407;0.0000636407;0.0000636407;0.000186255;0.000235409;0.000298584;0.000548752;0.00058378;0.00058378;0.000605542;0.000851747;0.0000219706;0.000484144	-1;-1;-1;-1;-1;-1;-1;-1;-1;-1;-1;-1;-1;-1;0.9;0.33	transfac_public-M00290;swissregulon-FOX_F1-F2-J1_.p2;swissregulon-FOX_F1-F2-J1_.p2;swissregulon-FOXO1-3-4.p2;swissregulon-FOXO1-3-4.p2;swissregulon-FOXO1-3-4.p2;taipale-GTAAACA-FOXO6-DBD;taipale-WAWRTAAAYAWW-FOXC2-DBD;tfdimers-MD00027;taipale-GTAAACA-FOXI1-full;swissregulon-FOX_D1-D2_.p2;swissregulon-FOX_D1-D2_.p2;homer-M00060;homer-M00058;transfac_pro-M02752;transfac_pro-M01051	V$FREAC2_01;FOXF2,FOXJ1,FOXF1;FOXF2,FOXJ1,FOXF1;FOXO1,FOXO4,FOXO3;FOXO1,FOXO4,FOXO3;FOXO1,FOXO4,FOXO3;GTAAACA-FOXO6-DBD;WAWRTAAAYAWW-FOXC2-DBD;HLTF,FOXO1;GTAAACA-FOXI1-full;FOXD2,FOXD1;FOXD2,FOXD1;Foxa2(Forkhead)/Liver-Foxa2-ChIP-Seq/Homer;FOXA1(Forkhead)/LNCAP-FOXA1-ChIP-Seq/Homer;V$FOXK1_03;F$MCM1_02	null;null;null;null;null;null;null;null;null;null;null;null;null;null;ENSMUSG00000056493;YMR043W	null;null;null;null;null;null;null;null;null;null;null;null;null;null;M. musculus;S. cerevisiae
1	hg19_tss_centered_10kb_7sp_mc_v6	44	stark-RCGYRCGY	16871530	RCGYRCGY	0.0715478	3.0552	8	PDGFB;MXI1;LOXL2;IGFBP5;KDM3A;C5orf13;TIPARP;MAFF;DTNA;STC2;ZNF292;SRCAP;NFIL3;ATXN1;VEGFA;BCOR;SAMD4A;ADM;SOX9;EFNA3;ENO2;CADM1;TMEFF1;ATF3;SLCO4A1;ECE1;DDIT4;C7orf68;VLDLR;PDK1;CXCR4;NDRG1;PTPRO;JUN;BBX;ZNF395;NR3C1;CITED2;ITPR1;WISP2;BHLHE40;SPRY1;STC1;SRD5A3;PFKP;BNIP3L;AHNAK2;PFKFB3;RBPJ;FYN;INSIG2;ZNF654;TNFAIP8;MET;SORL1;TGFBI;AKAP12;SH3GL3;GJA1;GPR87;EGLN1;P4HA1;CYB5A;SCNN1B;HEY1;YPEL1;KIAA1199;FAM13A;PPFIA4;DST;UPK1A;CCNG2;RNASE4;ANG	7;40;82;90;112;114;139;148;183;208;233;236;314;378;387;398;419;479;578;725;797;968;988;1063;1101;1121;1272;1317;1336;1367;1461;1471;1479;1552;1583;1587;1628;1650;1722;1881;1905;1952;2039;2136;2204;2213;2384;2394;2429;2580;2682;2900;2905;2921;2988;3027;3057;3061;3067;3094;3108;3142;3320;3355;3377;3563;3602;3655;3666;3683;3686;3740;3874;3895							
1	hg19_tss_centered_10kb_7sp_mc_v6	45	transfac_pro-M00770	16871531	V$CEBP_Q3	0.0715303	3.05384	1	NFIL3;CITED2;INSIG2;IGFBP5;TIPARP;ZMYND8;ATXN1;PDGFB;MXI1;CXCR4;FYN;ZNF395;DAAM1;PTRF	4;32;35;38;86;99;137;150;188;192;213;214;229;265	CEBPD;CEBPA;CEBPB;CEBPG;CEBPE;SOX9;NR3C1;STAT6;SOX10;IKZF1;ZNF333;FOXL1	-1;-1;-1;-1;-1;0.0000000017805;0.0000000616336;0.00000219763;0.0000589718;0.0000882837;0.000234833;0.000960134	-1;-1;-1;-1;-1;-1;-1;-1;-1;-1;-1;-1	null;null;null;null;null;tfdimers-MD00338;tfdimers-MD00413;tfdimers-MD00359;tfdimers-MD00071;tfdimers-MD00159;tfdimers-MD00572;tfdimers-MD00298	null;null;null;null;null;CEBPE,CEBPG,SOX9,CEBPD,CEBPB,CEBPA;CEBPD,CEBPE,CEBPB,CEBPG,NR3C1,CEBPA;CEBPD,CEBPA,CEBPE,CEBPB,STAT6,CEBPG;CEBPE,CEBPG,CEBPD,CEBPB,CEBPA,SOX10;CEBPD,CEBPA,IKZF1,CEBPE,CEBPB,CEBPG;ZNF333,CEBPE,CEBPG,CEBPD,CEBPB,CEBPA;CEBPD,CEBPE,CEBPB,CEBPG,FOXL1,CEBPA	null;null;null;null;null;null;null;null;null;null;null;null	null;null;null;null;null;null;null;null;null;null;null;null
1	hg19_tss_centered_10kb_7sp_mc_v6	46	yetfasco-1496	16871532	YOR028C	0.0714866	3.05042	1	VEGFA;NFIL3;FYN;PGK1;AK4;CADM1;SAMD4A;JUN;BBX;MXI1;ATXN1;HK2;EGR1;P4HA2;ATF3;NR3C1;LOX;CXCR4;DTNA;PDGFB;CSGALNACT1;HEY1;BNIP3L;ZNF395;NDRG1;SOX9;MET	4;5;44;71;92;119;121;191;234;263;294;336;361;363;366;385;391;517;519;546;698;699;705;754;789;807;846	NFIL3;TEF;HLF;DBP;ATF2	0.0000382022;0.0000389448;0.0000476065;0.00009174;0.000226203	-1;-1;-1;-1;-1	taipale-NRTTACRTAAYN-NFIL3-DBD;taipale-NRTTACRTAAYN-TEF-FL;taipale-NRTTACGTAAYN-HLF-full;taipale-NRTTACGTAAYN-DBP-full;swissregulon-ATF2.p2	NRTTACRTAAYN-NFIL3-DBD;NRTTACRTAAYN-TEF-FL;NRTTACGTAAYN-HLF-full;NRTTACGTAAYN-DBP-full;ATF2	null;null;null;null;null	null;null;null;null;null
1	hg19_tss_centered_10kb_7sp_mc_v6	47	encode-UW.Motif.0338	16871533	UW.Motif.0338	0.0710146	3.01352	0	KLF7;KRT15;ITPR1;YPEL1;KIAA1199;EGR1;PDGFB;CSRP2;FYN;GJA1;MXI1;CADM1;LIMCH1;TMEM45A;PDK1;CAV1;SRPX;VLDLR;DST;IGFBP5;DAAM1;SPOCK1;MET;CXCR4;ALDOC;BCOR;CSGALNACT1;EFNA3;DDIT4;ZMYND8;PTPRO;NR3C1;TGFBI;BBX;SRCAP;SORL1;ATXN1;RNASE4;ANG;KDM3A;FAM162A;DTNA	4;15;33;116;151;176;185;195;212;222;237;292;315;324;354;370;507;551;556;562;604;635;745;765;830;1090;1227;1337;1343;1378;1387;1422;1501;1555;1565;1575;1633;1635;1651;1678;1695;1703							
1	hg19_tss_centered_10kb_chip_v1	1	wgEncodeHaibTfbsU87Pol24h8V0416101PkRep1.broadPeak.gz	16871534	Pol2-4H8/U87/None	0.110438	4.52826	1160	GADD45B;NDRG1;BHLHE40;IGFBP3;CYR61;EGR1;KLF6;STC1;SPAG4;TXNIP;PHLDA1;ENO2;ADM;PLAUR;PFKFB3;LOXL2;SERPINE1;TGFBI;HCFC1R1;VEGFA;ZMYND8;DUSP1;DDIT4;KLF7;CAV1;STC2;JUN;LOXL1;PGK1;S100A6;CITED2;SLC2A1;ASPH;P4HA1;CA9;FAM162A;GBE1;WSB1;ITPR1;RBPJ	46;57;65;74;86;106;108;110;124;126;174;180;215;224;248;265;279;296;322;326;375;386;396;398;411;425;428;445;495;526;590;601;618;623;668;672;679;714;724;753	POLR2A	-1	-1	null	null	null	null
1	hg19_tss_centered_10kb_chip_v1	2	wgEncodeHaibTfbsHct116JundV0422111PkRep1.broadPeak.gz	16871535	JunD/HCT-116/None	0.0922473	3.52341	1113	DDIT4;PHLDA1;HCFC1R1;DST;ADM;GDF15;GPR87;S100A2;KRT15;EGR1;ATXN1;SOX9;NFIL3;CITED2;PFKP;TNFAIP8;BHLHE40;RBCK1;DDR1;KLF6;LOXL2;ADORA2B;SLC2A1;CAV1;DTNA;ERO1L;ISG20;ANGPTL4;DUSP1;AHNAK2;ATF3;RBPJ;STBD1;ASPH;KLF7;KDM4B;TGFBI;PAM	4;7;10;49;63;74;129;131;133;238;247;261;274;316;342;353;383;394;407;415;447;460;481;503;506;519;526;535;672;715;751;849;885;886;897;915;969;984	JUND	-1	-1	null	null	null	null
1	hg19_tss_centered_10kb_chip_v1	3	wgEncodeHaibTfbsA549Gata3V0422111PkRep2.broadPeak.gz	16871536	GATA3_(SC-268)/A549/None	0.0918539	3.50168	1077	HCFC1R1;BHLHE40;DUSP1;CSGALNACT1;KRT7;NR3C1;ASPH;ELF3;SERPINE1;DDIT4;GDF15;ADM;ATXN1;TGFBI;OLFML2A;FOS;ZMYND8;CAV1;PFKFB3;IGFBP3;S100A2;KLF6;CYR61;CD59;JUN;PHLDA1;STC1;KLF7;DST;RBCK1;ISG20;VEGFC;NDRG1;AHNAK2;ATF3;MET;WISP2;CITED2;OPN3;PTRF;SRCAP;FLNB;CYP1B1;SAT1;RBPJ;S100A6;C7orf68;TIPARP;SOX9;SAMD4A;GADD45B;PIM1;LIMCH1;CYB5A;NFIL3;GBE1;SLC2A1;EGLN1	12;19;26;48;50;123;133;138;151;160;193;206;230;254;274;304;318;404;424;453;455;485;486;497;558;581;600;743;759;824;828;865;894;984;993;1033;1056;1069;1122;1169;1273;1292;1297;1374;1402;1471;1665;1671;1708;1741;1787;1871;1883;1966;1991;2064;2107;2111	GATA3	-1	-1	null	null	null	null
1	hg19_tss_centered_10kb_chip_v1	4	wgEncodeHaibTfbsA549P300V0422111Etoh02PkRep1.broadPeak.gz	16871537	p300/A549/EtOH_0.02pct	0.091041	3.45677	1054	GDF15;ZMYND8;HCFC1R1;CSGALNACT1;BHLHE40;ASPH;DUSP1;SERPINE1;KLF7;S100A2;DDIT4;OPN3;TGFBI;NR3C1;KRT7;AHNAK2;ADM;ATXN1;CD59;DST;RBCK1;KDM3A;WISP2;CAV1;CCNG2;CYP1B1;IGFBP3;SAT1;ELF3;ISG20;S100A6;PTRF;PFKFB3;CYR61;DPYSL2;KLF6;ECE1;OLFML2A;FLNB;S100A4;NOL3;MET;EGLN1;LIMCH1;SLC2A1;JUN;ATF3;EGR1;VEGFC;ANGPTL4;CA9;CITED2;GBE1;PDGFB;NFIL3;PIM1;C12orf24;PHLDA1;RNASE4;ANG;CYB5A;ZNF292;FOS	1;9;24;32;37;52;56;107;182;198;210;216;237;238;322;328;368;371;399;422;460;483;516;527;615;630;635;718;745;790;928;951;994;996;1086;1087;1105;1208;1465;1466;1484;1506;1524;1546;1720;1731;1752;1826;1903;1957;1975;2010;2082;2083;2090;2288;2291;2299;2345;2347;2403;2448;2494	EP300	-1	-1	null	null	null	null
1	hg19_tss_centered_10kb_chip_v1	5	wgEncodeHaibTfbsU87Pol24h8V0416101PkRep2.broadPeak.gz	16871538	Pol2-4H8/U87/None	0.0898172	3.38917	1160	WSB1;GADD45B;NDRG1;GBE1;BHLHE40;IGFBP3;KLF6;SPAG4;TXNIP;FAM162A;PHLDA1;ENO2;ADM;PFKFB3;LOXL2;SERPINE1;TGFBI;HCFC1R1;VEGFA;ZMYND8;ASPH;DUSP1;DDIT4;KLF7;CAV1;STC2;JUN;P4HA1;CYP1B1;PGK1;GJA1;S100A6	48;92;102;103;111;121;158;178;180;206;238;245;277;311;329;343;363;396;400;458;465;475;489;491;504;522;525;576;601;604;616;638	POLR2A	-1	-1	null	null	null	null
1	hg19_tss_centered_10kb_chip_v1	6	wgEncodeHaibTfbsSknshJundV0422111PkRep2.broadPeak.gz	16871539	JunD/SK-N-SH/None	0.0885322	3.31819	1113	HCFC1R1;ATXN1;SERPINE1;CYR61;TGFBI;SOX9;KLF6;PAM;S100A2;SLC2A1;JUN;ASPH;DTNA;VEGFC;GPR87;QSOX1;ANGPTL4;PFKP;DST;PLAC8;ISG20;C5orf13;PTPRO;AHNAK2;DDR1	1;6;7;11;17;113;125;136;177;182;192;208;225;248;348;378;381;432;442;465;471;493;516;523;557	JUND	-1	-1	null	null	null	null
1	hg19_tss_centered_10kb_chip_v1	7	wgEncodeHaibTfbsPfsk1Foxp2Pcr2xPkRep1.broadPeak.gz	16871540	FOXP2/PFSK-1/None	0.0877193	3.27328	1073	ATF3;DDIT4;MAFF;ECE1;CITED2;NDRG1;DUSP1;NR3C1;ISG20;BNIP3L;PIM1	6;7;16;18;25;32;36;46;54;62;69	FOXP2	-1	-1	null	null	null	null
1	hg19_tss_centered_10kb_chip_v1	8	wgEncodeHaibTfbsA549P300V0422111Etoh02PkRep2.broadPeak.gz	16871541	p300/A549/EtOH_0.02pct	0.0875357	3.26314	1054	HCFC1R1;ZMYND8;ASPH;DUSP1;GDF15;CSGALNACT1;ELF3;BHLHE40;DDIT4;SERPINE1;NR3C1;OPN3;ADM;S100A2;KRT7;AHNAK2;CAV1;RBCK1;KLF7;TGFBI	16;28;32;35;53;64;70;94;95;110;174;223;243;270;343;365;369;375;379;399	EP300	-1	-1	null	null	null	null
1	hg19_tss_centered_10kb_chip_v1	9	wgEncodeHaibTfbsA549Fosl2V0422111Etoh02PkRep2.broadPeak.gz	16871542	FOSL2/A549/EtOH_0.02pct	0.0837682	3.05502	1067	CSGALNACT1;AHNAK2;HCFC1R1;S100A2;ELF3;TGFBI;ATXN1;S100A6;WISP2;SERPINE1;KRT7;PTRF;KLF7;ISG20;OLFML2A;SLC2A1;KLF6;ADM;SAT1;DUSP1;NDRG1;ZMYND8;ASPH;CD59;BHLHE40;DDIT4;OPN3;PFKP;RBCK1;NFIL3;GBE1;DST;DDR1;ATF3;IGFBP3;GLRX;PDGFB;CITED2;GDF15;KDM3A;PHLDA1;ANGPTL4;VEGFC;DPYSL2;GADD45B;EGLN1;RNASE4;ANG;CAV1	14;34;59;83;129;171;186;202;216;235;237;265;287;313;366;380;386;445;446;457;458;497;499;501;563;574;616;625;634;639;685;736;820;827;828;990;1041;1137;1148;1177;1217;1234;1273;1299;1347;1360;1402;1403;1445	FOSL2	-1	-1	null	null	null	null
1	hg19_tss_centered_10kb_chip_v1	10	GSM1208679_batch1_chrom1_LoVo_SMC3_PassedQC_peaks_hg19	16871543	SMC3/Lovo	0.0831301	3.01977	1188	ARTN;OLFML2A;CYP1B1;KIAA1199;GADD45B;CYR61;TIPARP;KLF6;PHLDA1;MET;VEGFA;CAV1;S100A2;ELF3;SRD5A3;BHLHE40;DDIT4;PIM1;S100A6;FLNB;DUSP1;SPRY1;EFNA3;JUN;RNASE4;EGR1;STBD1;PTPRO;SAT1;TNFAIP8;FYN;CITED2;NDRG1;DPYSL2;HEY1;ATF3;C12orf24;AKAP12;GJA1;EGFR;ADORA2B;SOX9;ISG20;PFKFB3;ANG;ANGPTL4;STC2;MXI1;ADM;SORL1;SH3GL3;AHNAK2;PDGFRL;IGFBP3;ATXN1;PLAUR;FAM13A;DST;PGM1;NR3C1;DSC2;GDF15;CYB5A;NFIL3;MAFF	1;10;28;46;58;64;72;75;109;160;169;199;231;272;273;353;393;397;440;563;647;675;726;756;782;954;987;1124;1155;1178;1306;1313;1343;1357;1395;1472;1503;1513;1557;1660;1690;1755;1766;1817;1820;1861;1897;2006;2041;2118;2127;2131;2191;2341;2346;2358;2505;2508;2604;2627;2694;2739;2806;2890;2941	SMC3	-1	-1	null	null	null	null